{"cameraMode":{"drawMode":0,"name":"Shaded","section":"Shading Mode"},"sceneLighting":true,"audioPlay":false,"sceneViewState":{"showFog":true,"showMaterialUpdate":false,"showSkybox":true,"showFlares":true,"showImageEffects":true,"showParticleSystems":true,"showVisualEffectGraphs":true,"m_FxEnabled":true},"in2DMode":false,"pivot":{"x":-7.788503170013428,"y":7.4430036544799809,"z":1.2148431539535523},"rotation":{"x":0.008594692684710026,"y":0.8192795515060425,"z":-0.012292266823351384,"w":0.5732190012931824},"size":9.69475269317627,"orthographic":false}