{"cameraMode":{"drawMode":0,"name":"Shaded","section":"Shading Mode"},"sceneLighting":true,"audioPlay":false,"sceneViewState":{"showFog":true,"showMaterialUpdate":false,"showSkybox":true,"showFlares":true,"showImageEffects":true,"showParticleSystems":true,"showVisualEffectGraphs":true,"m_FxEnabled":true},"in2DMode":false,"pivot":{"x":9.771515846252442,"y":-1.5214910507202149,"z":0.3110446035861969},"rotation":{"x":-0.004866426344960928,"y":0.734545886516571,"z":0.005294364877045155,"w":0.6785619854927063},"size":12.48814868927002,"orthographic":false}